{"cameraMode":{"drawMode":0,"name":"Shaded","section":"Shading Mode"},"sceneLighting":true,"audioPlay":false,"sceneViewState":{"m_AlwaysRefresh":false,"showFog":true,"showSkybox":true,"showFlares":true,"showImageEffects":true,"showParticleSystems":true,"showVisualEffectGraphs":true,"m_FxEnabled":true},"in2DMode":false,"pivot":{"x":-1.9524040222167969,"y":-0.11203813552856446,"z":7.614781379699707},"rotation":{"x":-0.19228151440620423,"y":0.2135671228170395,"z":-0.04291864112019539,"w":-0.9568591117858887},"size":9.667262077331543,"orthographic":false}